id,titulo,formato,categoria,autor_origem,descricao
1,A Strategic Chess Opening Repertoire for White John Watson - Gambit Publications,PDF,Livros e Repertórios,John Watson / Gambit,Repertório estratégico para Brancas focado em 1.d4 e aberturas complementares.
2,Aberturas de Xadrez Para Leigos® | Alta Books,PDF,Livros e Repertórios,Alta Books,Manual introdutório com conceitos essenciais de aberturas e táticas.
3,"Arquitetura, Navegação e Extração de Dados do Histórico de Partidas no Chess.com",Markdown,Documentação Técnica,Documentação Interna,Guia de navegação e extração do histórico de jogos.
4,Build Your Perfect Opening Repertoire With White - Chess.com,URL,Plataforma Chess.com,Chess.com,Artigo e guia para elaboração de repertório personalizado de Brancas.
5,COLEÇÃO DE ABERTURAS,PDF,Livros e Repertórios,Acervo Geral,"Compilação de aberturas, gambitos e linhas teóricas."
6,Chess.com API - PublicAPI,URL,APIs e Integração,Chess.com API,Documentação oficial dos endpoints públicos da API.
7,Chess.com lança uma nova função: Revisão da Partida,URL,Plataforma Chess.com,Notícias Chess.com,Anúncio oficial do sistema automatizado de Revisão de Partida.
8,Como baixar suas partidas no Chess.com?,URL,Fóruns e Comunidade,Reddit Brasil,Discussão e dicas comunitárias sobre download do acervo de partidas.
9,Did Chess.com remove the ability to export PGN's? : r/Chesscom,URL,Fóruns e Comunidade,Reddit r/Chesscom,Discussão e soluções para exportação de arquivos PGN.
10,Exploit para ter acesso ilimitado à análise de jogos no chess.com sem ser premium,URL,Fóruns e Comunidade,Reddit,Tópico sobre métodos alternativos de análise e revisão de partidas.
11,Exploit pra ter review ilimitado no chess.com sem ser premium,URL,Fóruns e Comunidade,Reddit,Discussão comunitária sobre atalhos para análise de partidas.
12,Game history with a specific player - Chess Forums,URL,Fóruns e Comunidade,Chess Forums,Como visualizar histórico de confrontos diretos contra um jogador.
13,Guia de Xadrez,Markdown,Documentação Técnica,Notas de Estudo,Guia teórico abrangente com princípios e conceitos de xadrez.
14,How To See Match History On Chess.com [PC & Mobile] (EASY Tutorial),YouTube,Vídeos e Tutoriais,YouTube Tutorial,Tutorial em vídeo sobre acesso ao histórico no PC e celular.
15,How do I get a PGN of my game? | Chess.com Help Center,URL,Plataforma Chess.com,Chess.com Help Center,Guia oficial da central de ajuda sobre obtenção de PGN.
16,How do I see a history of my games? - Chess Forums,URL,Fóruns e Comunidade,Chess Forums,Dúvidas de usuários sobre localização do histórico de partidas.
17,How do I view my own games? | Chess.com Help Center,URL,Plataforma Chess.com,Chess.com Help Center,Instruções de navegação pelo próprio histórico de jogos.
18,How to Check Your Archived Games on Chess.com - Full Guide,YouTube,Vídeos e Tutoriais,YouTube Guide,Guia completo em vídeo para verificar partidas arquivadas.
19,How to Export All Your Chess.com Games (PGN) and Analyze Them,URL,APIs e Integração,Artigo Técnico,Métodos para exportação em massa de PGNs e análise externa.
20,How to download all your games using chess.com API,URL,APIs e Integração,Tutorial API,Passo a passo técnico para download de jogos via API.
21,How to view old games - Chess Forums,URL,Fóruns e Comunidade,Chess Forums,Discussão de suporte para visualização de jogos antigos.
22,Keep It Simple: 1.d4 - New In Chess,PDF,Livros e Repertórios,New In Chess,Repertório prático e simplificado de 1.d4 para Brancas.
23,Novos recursos na Revisão de Partida - Chess.com,URL,Plataforma Chess.com,Chess.com,Atualizações e novas funcionalidades da ferramenta de revisão.
24,Portable Game Notation (PGN) - Chess.com,URL,Documentação Técnica,Chess.com,Especificações e explicações sobre a notação PGN.
25,Programa Acesso TOTAL - Rafael Leitão,PDF,Livros e Repertórios,Rafael Leitão,"Programa de treinamento cobrindo aberturas, cálculo e finais."
26,Where to See Your Game History on Chess.com | Quick & Easy Tutorial,YouTube,Vídeos e Tutoriais,YouTube Tutorial,Tutorial rápido em vídeo demonstrando onde ver o histórico.
27,Why can't I see all of my games history? | Chess.com Help Center,URL,Plataforma Chess.com,Chess.com Help Center,Esclarecimentos sobre limites de exibição de jogos no arquivo.
28,Xadrez Por Correspondência - Chess.com,URL,Plataforma Chess.com,Chess.com,Regras e formato de partidas de xadrez diário/correspondência.
29,Xadrez Vitorioso - Aberturas - Yasser Seirawan - IFSul,PDF,Livros e Repertórios,Yasser Seirawan / IFSul,Livro clássico sobre estratégias de abertura e controle do centro.
